index,loss
6000,0.47904151678085327
7000,0.5567120909690857
8000,0.1743178367614746
9000,0.2864227890968323
10000,0.3044649362564087
11000,0.029330402612686157
12000,0.024233996868133545
13000,0.018064074218273163
14000,0.04044599086046219
15000,0.010777018032968044
16000,0.018631454557180405
17000,0.009099675342440605
18000,0.008675124496221542
19000,0.008163913153111935
20000,0.003690931713208556
21000,0.011908235028386116
22000,0.013591286726295948
23000,0.011707204394042492
24000,0.002944025443866849
25000,0.015912190079689026
26000,0.008037243038415909
27000,0.004804512951523066
28000,0.005711585283279419
29000,0.010579259134829044
30000,0.006829979829490185
31000,0.0016749692149460316
32000,0.0008462904952466488
33000,0.0017278536688536406
34000,0.005755301099270582
35000,0.004207754507660866
36000,0.004191344603896141
37000,0.0012666014954447746
38000,0.008960418403148651
39000,0.002359070349484682
40000,0.001810261863283813
41000,0.0038330513052642345
42000,0.0013162405230104923
43000,0.002352961804717779
44000,0.0009435228421352804
45000,0.0027752595487982035
46000,0.003560849465429783
47000,0.0018661770736798644
48000,0.0031227292492985725
49000,0.003565743565559387
50000,0.0008835104526951909
51000,0.0038998175878077745
52000,0.005516127683222294
53000,0.003425412345677614
54000,0.0024700751528143883
55000,0.0025952118448913097
56000,0.001967511372640729
57000,0.0024184202775359154
58000,0.003935948479920626
59000,0.0008063457207754254
60000,0.0011593019589781761
61000,0.0016364079201593995
62000,0.0013517901534214616
63000,0.0013807299546897411
64000,0.0014766878448426723
65000,0.001905564102344215
66000,0.0029754096176475286
67000,0.0031153401359915733
68000,0.001378553919494152
69000,0.0019017105223610997
70000,0.0011884859995916486
71000,0.001117760082706809
72000,0.0009031392401084304
73000,0.00451637664809823
74000,0.001670217840000987
75000,0.001483867410570383
76000,0.0022062701173126698
77000,0.002620492596179247
78000,0.0008526183664798737
79000,0.0010460821213200688
80000,0.0015526707284152508
81000,0.0022808900102972984
82000,0.004476326517760754
83000,0.0031509078107774258
84000,0.0011145928874611855
85000,0.0013569784350693226
86000,0.004278495907783508
87000,0.0031219415832310915
88000,0.0043854364193975925
89000,0.0014373164158314466
90000,0.0018587919184938073
91000,0.0023728080559521914
92000,0.0016715081874281168
93000,0.0023180011194199324
94000,0.003318580100312829
95000,0.0019299997948110104
96000,0.001687194686383009
97000,0.0007249925401993096
98000,0.0011545598972588778
99000,0.0021457707043737173
100000,0.0011129744816571474
101000,0.0018814741633832455
102000,0.00479536410421133
103000,0.0024177799932658672
104000,0.0033676032908260822
105000,0.0012961506145074964
106000,0.0012182979844510555
107000,0.0019981369841843843
108000,0.0018210511188954115
109000,0.0014343720395117998
110000,0.0011200178414583206
111000,0.002522757276892662
112000,0.0014340406050905585
113000,0.006163852289319038
114000,0.003151035401970148
115000,0.0012587262317538261
116000,0.0020280592143535614
117000,0.0032279249280691147
118000,0.005426434334367514
119000,0.0008544856100343168
120000,0.0020864407997578382
121000,0.003255991032347083
122000,0.003495213109999895
123000,0.0005289407563395798
124000,0.0017697409493848681
125000,0.004119653720408678
126000,0.0018584498902782798
127000,0.002060073660686612
128000,0.001772358431480825
129000,0.00472146924585104
130000,0.0029439879581332207
131000,0.002152030123397708
132000,0.0017162961885333061
133000,0.0014252180699259043
134000,0.0018095860723406076
135000,0.0008161258883774281
136000,0.0026328021194785833
137000,0.0014233291149139404
138000,0.001879311166703701
139000,0.0017576346872374415
140000,0.0009763691923581064
141000,0.0026331087574362755
142000,0.005191580392420292
143000,0.003747096285223961
144000,0.001254602917470038
145000,0.002503214869648218
146000,0.002228075172752142
147000,0.0030104569159448147
148000,0.0024779541417956352
149000,0.0008195903501473367
150000,0.0017359345220029354
151000,0.003877781331539154
152000,0.0021307021379470825
153000,0.0025506375823169947
154000,0.003040473908185959
155000,0.005247489549219608
156000,0.002381469588726759
157000,0.0026718568988144398
158000,0.0023651123046875
159000,0.0021610441617667675
160000,0.003336188616231084
161000,0.0016848306404426694
162000,0.0021560031455010176
163000,0.003729952499270439
164000,0.0035121976397931576
165000,0.0013903510989621282
166000,0.004394865594804287
167000,0.0009685862460173666
168000,0.0005897227674722672
169000,0.0014301510527729988
170000,0.002243843162432313
171000,0.0017157677793875337
172000,0.0031726204324513674
173000,0.0030998606234788895
174000,0.002921496517956257
175000,0.004770465660840273
176000,0.00437734741717577
177000,0.0023305299691855907
178000,0.0015009050257503986
179000,0.002571418881416321
180000,0.0036135895643383265
181000,0.004915046971291304
182000,0.0011638147989287972
183000,0.006798793561756611
184000,0.0018499254947528243
185000,0.0030704056844115257
186000,0.001726049231365323
187000,0.0030326382257044315
188000,0.0024249046109616756
189000,0.0022670926991850138
190000,0.0011668280931189656
191000,0.005218230653554201
192000,0.006220719777047634
193000,0.006048271432518959
194000,0.0018504380714148283
195000,0.004274277947843075
196000,0.003788999980315566
197000,0.004179010167717934
198000,0.002165603218600154
199000,0.0024531956296414137
200000,0.0026672878302633762
201000,0.005704432725906372
202000,0.006106850225478411
203000,0.005119837820529938
204000,0.0026487268041819334
205000,0.010013917461037636
206000,0.004111204296350479
207000,0.0039197346195578575
208000,0.004506103228777647
209000,0.0036730575375258923
210000,0.006718565709888935
211000,0.004855378530919552
212000,0.005278359167277813
213000,0.004687299486249685
214000,0.004686975385993719
215000,0.0033465023152530193
216000,0.005183808971196413
217000,0.003429324831813574
218000,0.006975964643061161
219000,0.004063017200678587
220000,0.00516735902056098
221000,0.010270770639181137
222000,0.004993617534637451
223000,0.002566340146586299
224000,0.0021115378476679325
225000,0.0013694639783352613
226000,0.0032611314672976732
227000,0.0027040354907512665
228000,0.0029238949064165354
229000,0.0031059165485203266
230000,0.0020857970230281353
231000,0.00487515889108181
232000,0.0021341252140700817
233000,0.003377659013494849
234000,0.0016992927994579077
235000,0.0024067647755146027
236000,0.005690390709787607
237000,0.003647856879979372
238000,0.002653166651725769
239000,0.0034140232019126415
240000,0.00274868868291378
241000,0.002822159556671977
242000,0.0016261222772300243
243000,0.002196649555116892
244000,0.013044491410255432
245000,0.0020765429362654686
246000,0.0024212938733398914
247000,0.0025743176229298115
248000,0.0034965858794748783
249000,0.0015636389143764973
250000,0.0019131326116621494
251000,0.002098639030009508
252000,0.003757198341190815
253000,0.0026925047859549522
254000,0.0019197019282728434
255000,0.0035812174901366234
256000,0.005053261294960976
257000,0.002406125422567129
258000,0.0057238126173615456
259000,0.003703637979924679
260000,0.003257923759520054
261000,0.005705479998141527
262000,0.00415344163775444
263000,0.0036454801447689533
264000,0.0024501020088791847
265000,0.002345412503927946
266000,0.00274392357096076
267000,0.0017427996499463916
268000,0.001488395151682198
269000,0.001175719895400107
270000,0.002035656478255987
271000,0.003697624197229743
272000,0.0035015419125556946
273000,0.002559342421591282
274000,0.0032564648427069187
275000,0.0025005873758345842
276000,0.0019617504440248013
277000,0.002857841784134507
278000,0.0033140359446406364
279000,0.002806922420859337
280000,0.0028475106228142977
281000,0.006821095012128353
282000,0.005519436672329903
283000,0.0029652598313987255
284000,0.00222038640640676
285000,0.003599893767386675
286000,0.0028708309400826693
287000,0.00200515054166317
288000,0.0024791534524410963
289000,0.0035186964087188244
290000,0.001646753866225481
291000,0.003361206268891692
292000,0.0008114763768389821
293000,0.0036188741214573383
294000,0.005276509560644627
295000,0.0026280563324689865
296000,0.0022789975628256798
297000,0.004146249499171972
298000,0.003245727624744177
299000,0.0034715288784354925
300000,0.0018454428063705564
301000,0.005315108224749565
302000,0.0033136513084173203
303000,0.00274684838950634
304000,0.0009529292583465576
305000,0.004496699199080467
306000,0.0026956615038216114
307000,0.004362326115369797
308000,0.001858418108895421
309000,0.002454499714076519
310000,0.001823008875362575
311000,0.01660064049065113
312000,0.005237681791186333
313000,0.0046872044913470745
314000,0.0071845101192593575
315000,0.0019368891371414065
316000,0.002757222158834338
317000,0.0032900632359087467
318000,0.00822524819523096
319000,0.001439388026483357
320000,0.004721391946077347
321000,0.003971196711063385
322000,0.002552390331402421
323000,0.002336802426725626
324000,0.0015877485275268555
325000,0.003915778361260891
326000,0.001719094580039382
327000,0.007235087454319
328000,0.002601692220196128
329000,0.003080578986555338
330000,0.004818166606128216
331000,0.002795259468257427
332000,0.003931346815079451
333000,0.0017543875146657228
334000,0.004529410041868687
335000,0.0032714891713112593
336000,0.0014647170901298523
337000,0.002838508691638708
338000,0.0017821614164859056
339000,0.0043149180710315704
340000,0.0026276407297700644
341000,0.006323788780719042
342000,0.006221386604011059
343000,0.004596203565597534
344000,0.0026303345803171396
345000,0.0024710348807275295
346000,0.003438152140006423
347000,0.00441321637481451
348000,0.0017344719963148236
349000,0.004225552082061768
350000,0.0042228177189826965
351000,0.0017462462419643998
352000,0.00554289948195219
353000,0.004012907389551401
354000,0.0015750927850604057
355000,0.003295845352113247
356000,0.002241533948108554
357000,0.004167136736214161
358000,0.0015997246373444796
359000,0.0022951606661081314
360000,0.0017933897906914353
361000,0.0061011891812086105
362000,0.0029393460135906935
363000,0.0038078592624515295
364000,0.004934517666697502
365000,0.00263324030674994
366000,0.0025323969312012196
367000,0.0015103623736649752
368000,0.0017900846432894468
369000,0.0023262514732778072
370000,0.004052657634019852
371000,0.0038206728640943766
372000,0.001683819224126637
373000,0.002295026322826743
374000,0.001580544514581561
375000,0.0033900837879627943
376000,0.001139000989496708
377000,0.00180963019374758
378000,0.002125715371221304
379000,0.0025742019060999155
380000,0.004246591590344906
381000,0.0038945921696722507
382000,0.005550243891775608
383000,0.0039403061382472515
384000,0.002476062858477235
385000,0.003934020176529884
386000,0.00285745644941926
387000,0.0012195850722491741
388000,0.0015786716248840094
389000,0.0007814002456143498
390000,0.001339105423539877
391000,0.005431053694337606
392000,0.003983904141932726
393000,0.0011752443388104439
394000,0.005423874594271183
395000,0.0028978174086660147
396000,0.0020219208672642708
397000,0.005652203690260649
398000,0.004768288228660822
399000,0.0015728105790913105
400000,0.0018078091088682413
401000,0.0053057558834552765
402000,0.0036252387799322605
403000,0.004372488707304001
404000,0.002224128693342209
405000,0.004011330660432577
406000,0.0023099815007299185
407000,0.0006812110659666359
408000,0.0020977307576686144
409000,0.004101021680980921
410000,0.0023805666714906693
411000,0.0029793018475174904
412000,0.00542770279571414
413000,0.002410429995507002
414000,0.0024681719951331615
415000,0.005122526083141565
416000,0.003335843328386545
417000,0.0038761189207434654
418000,0.0051056439988315105
419000,0.0015380935510620475
420000,0.0024860091507434845
421000,0.005048398859798908
422000,0.0010861123446375132
423000,0.003288488369435072
424000,0.0012841732241213322
425000,0.0032099871896207333
426000,0.0019375055562704802
427000,0.0036071897484362125
428000,0.003034725785255432
429000,0.00021129233937244862
430000,0.0018566774670034647
431000,0.005214267410337925
432000,0.003965908661484718
433000,0.006684851832687855
434000,0.0038285250775516033
435000,0.003916896879673004
436000,0.0022828467190265656
437000,0.00385042792186141
438000,0.003521100152283907
439000,0.0021931729279458523
440000,0.002368890680372715
441000,0.003601038595661521
442000,0.001216865493915975
443000,0.0027550216764211655
444000,0.002702368889003992
445000,0.0036772657185792923
446000,0.003080320544540882
447000,0.0029067867435514927
448000,0.0016486519016325474
449000,0.0032013612799346447
450000,0.005720590706914663
451000,0.0030528809875249863
452000,0.001341743627563119
453000,0.0012618236942216754
454000,0.002994405571371317
455000,0.005504444241523743
456000,0.00268075754866004
457000,0.0010087925475090742
458000,0.0021805723663419485
459000,0.001147428061813116
460000,0.0010557284113019705
461000,0.008101960644125938
462000,0.002584093250334263
463000,0.0027999100275337696
464000,0.00142043293453753
465000,0.0013430860126391053
466000,0.0027850614860653877
467000,0.003214143682271242
468000,0.001312307664193213
469000,0.001465324778109789
470000,0.00036806994467042387
471000,0.005589250009506941
472000,0.010337036103010178
473000,0.002434090245515108
474000,0.004142457619309425
475000,0.003912980668246746
476000,0.0019525858806446195
477000,0.0017453995533287525
478000,0.0013941514771431684
479000,0.0021979832090437412
480000,0.0008866036660037935
481000,0.0020000163931399584
482000,0.0032859058119356632
483000,0.0022842036560177803
484000,0.0030059167183935642
485000,0.0015744988340884447
486000,0.001107166288420558
487000,0.0012914452236145735
488000,0.0034448110964149237
489000,0.003266453742980957
490000,0.0009822549764066935
491000,0.0033493610098958015
492000,0.00047124308184720576
493000,0.003234066069126129
494000,0.0031975829042494297
495000,0.002021096646785736
496000,0.001618854934349656
497000,0.001382314832881093
498000,0.002374454401433468
499000,0.0019229494500905275
500000,0.001869628089480102
501000,0.0015581365441903472
502000,0.0008784328238107264
503000,0.0031389484647661448
504000,0.0013904748484492302
505000,0.0029539947863668203
506000,0.003824729472398758
507000,0.00178358587436378
508000,0.001480798702687025
509000,0.001112196478061378
510000,0.004251583945006132
511000,0.0022880956530570984
512000,0.004015136044472456
513000,0.0036867824383080006
514000,0.003087372984737158
515000,0.002577726263552904
516000,0.0028079040348529816
517000,0.004952934570610523
518000,0.0021420917473733425
519000,0.0029254602268338203
520000,0.001349112601019442
521000,0.0019447263330221176
522000,0.00318059790879488
523000,0.0040853568352758884
524000,0.003832506947219372
525000,0.0037975837476551533
526000,0.002607167698442936
527000,0.0018226096872240305
528000,0.00248222379013896
529000,0.002926051616668701
530000,0.0026331646367907524
531000,0.0041419630870223045
532000,0.0022779563441872597
533000,0.007821169681847095
534000,0.0033629368990659714
535000,0.0026171852368861437
536000,0.002048727124929428
537000,0.0024838941171765327
538000,0.0035073820035904646
539000,0.0072976527735590935
540000,0.0011585040483623743
541000,0.004212937317788601
542000,0.0014491125475615263
543000,0.0055240667425096035
544000,0.003571420907974243
545000,0.0016998782521113753
546000,0.0030434944201260805
547000,0.0018656746251508594
548000,0.0013425342040136456
549000,0.007791697047650814
550000,0.0013640123652294278
551000,0.0016361505258828402
552000,0.003287286963313818
553000,0.0015868606278672814
554000,0.002835318446159363
555000,0.003192068077623844
556000,0.001986777875572443
557000,0.0028759995475411415
558000,0.002581262495368719
559000,0.003480275860056281
560000,0.004995851777493954
561000,0.003871848341077566
562000,0.0033734396565705538
563000,0.001670835423283279
564000,0.003931487910449505
565000,0.0020827255211770535
566000,0.0029415686149150133
567000,0.0037458064034581184
568000,0.0020912860054522753
569000,0.0009356132941320539
570000,0.0021431013010442257
571000,0.0021739203948527575
572000,0.0028484035283327103
573000,0.0016139703802764416
574000,0.0016878750175237656
575000,0.004495122469961643
576000,0.0012096361024305224
577000,0.0016787718050181866
578000,0.0020424609538167715
579000,0.0006748324958607554
580000,0.001109250821173191
581000,0.0025928891263902187
582000,0.004520553629845381
583000,0.0038326596841216087
584000,0.0013511339202523232
585000,0.001996964681893587
586000,0.0025349166244268417
587000,0.0019712033681571484
588000,0.001170892035588622
589000,0.0014340393245220184
590000,0.00246303528547287
591000,0.0025201088283210993
592000,0.001561194658279419
593000,0.0038408590480685234
594000,0.0018418541876599193
595000,0.002963028382509947
596000,0.01200286578387022
597000,0.002727737184613943
598000,0.005600396543741226
599000,0.0016989716095849872
600000,0.0017797383479773998
601000,0.004284171387553215
602000,0.0027749903965741396
603000,0.0009620647178962827
604000,0.0013677722308784723
605000,0.0016582559328526258
606000,0.0013023054925724864
607000,0.0016347290948033333
608000,0.0009677549242042005
609000,0.0024849805049598217
610000,0.0008057676022872329
611000,0.0014104064321145415
612000,0.0011225679190829396
613000,0.002663061022758484
614000,0.0014315445441752672
615000,0.0017264641355723143
616000,0.0022186690475791693
617000,0.0004571449535433203
618000,0.00038687841151840985
619000,0.0015341114485636353
620000,0.0014548050239682198
621000,0.0014427381101995707
622000,0.0021395664662122726
623000,0.0018322932301089168
624000,0.0036663683131337166
625000,0.0016045430675148964
626000,0.0014187900815159082
627000,0.0016697370447218418
628000,0.0008425972773693502
629000,0.000745561090297997
630000,0.0008341320790350437
631000,0.001094491919502616
632000,0.0008492404595017433
633000,0.0014293307904154062
634000,0.0011392063461244106
635000,0.0007580225937999785
636000,0.002078615827485919
637000,0.0007296411204151809
638000,0.0007590463501401246
639000,0.0009424065938219428
640000,0.0006802822463214397
641000,0.002078589051961899
642000,0.0016641784459352493
643000,0.0017488579032942653
644000,0.0007070058491080999
645000,0.0013096018228679895
646000,0.00101468525826931
647000,0.002182725816965103
648000,0.00232805241830647
649000,0.0007630368345417082
650000,0.0015372217167168856
651000,0.0025424191262573004
652000,0.002916128607466817
653000,0.0008838609210215509
654000,0.000871489173732698
655000,0.0014178846031427383
656000,0.0009999083122238517
657000,0.000526686548255384
658000,0.0015084273181855679
659000,0.0011913706548511982
660000,0.0020367715042084455
661000,0.0014877286739647388
662000,0.001251867739483714
663000,0.003407438285648823
664000,0.0015644109807908535
665000,0.0017252712277695537
666000,0.0020447424612939358
667000,0.001860609045252204
668000,0.0007195162470452487
669000,0.000831647717859596
670000,0.001955365762114525
671000,0.005379664245992899
672000,0.0012602147180587053
673000,0.004712230991572142
674000,0.0008805434918031096
675000,0.0013445824151858687
676000,0.0014228839427232742
677000,0.0009348010644316673
678000,0.0003820293350145221
679000,0.0017018767539411783
680000,0.0008792518055997789
681000,0.002045736648142338
682000,0.0015518616419285536
683000,0.0013853874988853931
684000,0.004286982584744692
685000,0.0012973548145964742
686000,0.0008154782699421048
687000,0.0007843011990189552
688000,0.0009660743526183069
689000,0.00021660840138792992
690000,0.0009340245742350817
691000,0.002400053897872567
692000,0.003223635721951723
693000,0.0007242473075166345
694000,0.001008097198791802
695000,0.0005509576294571161
696000,0.0007922482909634709
697000,0.000395648879930377
698000,0.00031856572604738176
699000,0.0007401650073006749
700000,0.0008181518642231822
701000,0.001586001948453486
702000,0.0007140903035178781
703000,0.0007396279834210873
704000,0.0010258061811327934
705000,0.00030192744452506304
706000,0.00017811321595218033
707000,0.0004219138063490391
708000,0.0013383468613028526
709000,0.0013078353367745876
710000,0.0006621679640375078
711000,0.00036905286833643913
712000,0.00047144864220172167
713000,0.0008798401104286313
714000,0.0005043335258960724
715000,0.0010463488288223743
716000,0.00045534007949754596
717000,0.000719164265319705
718000,0.001310390536673367
719000,0.0007784210029058158
720000,0.00024949893122538924
721000,0.0013899251352995634
722000,0.0013587767025455832
723000,0.00039896497037261724
724000,0.0012795450165867805
725000,0.0006808190373703837
726000,0.001037071575410664
727000,0.0006631799042224884
728000,0.0006255399785004556
729000,0.00021542242029681802
730000,0.0008637428400106728
731000,0.0017184779280796647
732000,0.0008074751822277904
733000,0.0005937569076195359
734000,0.0003052392276003957
735000,0.0003787650493904948
736000,0.00033330084988847375
737000,0.0005076803499832749
738000,0.00038411503192037344
739000,0.0006937118014320731
740000,0.00032987675513140857
741000,0.0006098927115090191
742000,0.0007139939116314054
743000,0.0005515256198123097
744000,0.0004270464996807277
745000,0.0005052072228863835
746000,0.0009315230417996645
747000,0.0006984947831369936
748000,0.000613569573033601
749000,0.0013119004433974624
750000,0.00024872765061445534
751000,0.0008634452242404222
752000,0.0016544773243367672
753000,0.0006088662194088101
754000,0.00038773674168623984
755000,0.00032810194534249604
756000,0.0009005838655866683
757000,0.0014550898922607303
758000,0.0005364008247852325
759000,0.0009000135469250381
760000,0.0007101121009327471
761000,0.0034445368219166994
762000,0.0006171829300001264
763000,0.00102481700014323
764000,0.0004722631420008838
765000,0.0006144648650661111
766000,0.0009102622279897332
767000,0.000856538477819413
768000,0.0005841579404659569
769000,0.002449821215122938
770000,0.0023567588068544865
771000,0.0009966481011360884
772000,0.0011392752639949322
773000,0.0007589816814288497
774000,0.0005071097984910011
775000,0.0005781365325674415
776000,0.0015333127230405807
777000,0.0007397044100798666
778000,0.0006190051790326834
779000,0.0015854081138968468
780000,0.0008138456614688039
781000,0.0006288673030212522
782000,0.00038985005812719464
783000,0.0012612785212695599
784000,0.0009144776267930865
785000,0.0008889257442206144
786000,0.0006661142688244581
787000,0.0014657739084213972
788000,0.00016773486277088523
789000,0.0023352017160505056
790000,0.0005768865812569857
791000,0.0016924920491874218
792000,0.001462080399505794
793000,0.0013965561520308256
794000,0.002544779796153307
795000,0.0009004657622426748
796000,0.0003062515752390027
797000,0.0004524340620264411
798000,0.0005077440291643143
799000,0.00034436758141964674
800000,0.0006312830373644829
801000,0.002101484453305602
802000,0.0004334367986302823
803000,0.0010629869066178799
804000,0.0005193499382585287
805000,0.0010552667081356049
806000,0.0006479921285063028
807000,0.0003449112409725785
808000,0.0006750989705324173
809000,0.0004275646642781794
810000,0.0012406711466610432
811000,0.001111999386921525
812000,0.0012937365099787712
813000,0.00040313639328815043
814000,0.0006385367596521974
815000,0.0006290587480179965
816000,0.0008153666276484728
817000,0.0012872959487140179
818000,0.0006931470707058907
819000,0.00042606311035342515
820000,0.001112570520490408
821000,0.003900693729519844
822000,0.0007768298964947462
823000,0.0011240140302106738
824000,0.0010239870753139257
825000,0.0019781822338700294
826000,0.0004019514308311045
827000,0.00039271468995139003
828000,0.0008654209086671472
829000,0.0005969395861029625
830000,0.0007902906509116292
831000,0.003829273162409663
832000,0.0008992874645628035
833000,0.0004801169561687857
834000,0.0023354736622422934
835000,0.0020148535259068012
836000,0.0008546151220798492
837000,0.0003107444499619305
838000,0.0004584450798574835
839000,0.001129950163885951
840000,0.000202250768779777
841000,0.0016437233425676823
842000,0.0010264847660437226
843000,0.0006792689673602581
844000,0.0012142155319452286
845000,0.0009730147430673242
846000,0.00040841271402314305
847000,0.00048183160834014416
848000,0.0004462798242457211
849000,0.0006606357055716217
850000,0.0003407669719308615
851000,0.00015336685464717448
852000,0.0005927772726863623
853000,0.0007821379695087671
854000,0.0004885469097644091
855000,0.00023562961723655462
856000,0.00018009910127148032
857000,0.0021475241519510746
858000,0.00039301274227909744
859000,0.0003696606436278671
860000,7.926543185021728e-05
861000,0.00028652220498770475
862000,0.0006518078735098243
863000,0.00041543447878211737
864000,0.0005656840512529016
865000,0.0011878636432811618
866000,0.0012009640922769904
867000,0.0001689391501713544
868000,0.00035652946098707616
869000,0.00033778438228182495
870000,0.0001974443584913388
871000,0.0008274172432720661
872000,0.0006685770931653678
873000,0.000964765960816294
874000,0.0008789951680228114
875000,0.00021569186355918646
876000,0.00028462259797379375
877000,0.00046121759805828333
878000,0.0006464135367423296
879000,0.0002615855191834271
880000,0.0004079192876815796
881000,0.0002614822587929666
882000,0.00047396554145962
883000,0.0008478347444906831
884000,9.222072549164295e-05
885000,0.0004692121292464435
886000,0.00044408085523173213
887000,0.000509058590978384
888000,0.0003817560791503638
889000,6.318796658888459e-05
890000,0.00027183687780052423
891000,0.0005967803299427032
892000,0.0003248070424888283
893000,8.569944475311786e-05
894000,0.00048780784709379077
895000,0.0004284758470021188
896000,0.0002348704874748364
897000,0.00031372433295473456
898000,0.00047975449706427753
899000,0.00036873877979815006
900000,0.002990172477439046
901000,0.0010727583430707455
902000,0.0007188244489952922
903000,0.0003355471999384463
904000,0.0007312066736631095
905000,0.00012787047307938337
906000,0.0003133376594632864
907000,0.00018305081175640225
908000,0.000434321875218302
909000,0.0009545437060296535
910000,0.0008730646804906428
911000,0.0003446651971898973
912000,0.0009000439313240349
913000,0.00050600670510903
914000,0.00022850923414807767
915000,0.0004587987787090242
916000,0.0010994926560670137
917000,0.00044159984099678695
918000,0.0001195431686937809
919000,0.0010808984516188502
920000,0.0011488436721265316
921000,0.0005929594626650214
922000,0.0007865026127547026
923000,0.00040760188130661845
924000,0.0005897508235648274
925000,0.0018773896154016256
926000,0.0005402322276495397
927000,0.001154541503638029
928000,0.0009828507900238037
929000,0.000438468880020082
930000,0.00046783671132288873
931000,0.00033732299925759435
932000,0.0015360063407570124
933000,0.0004203871649224311
934000,0.0008024228154681623
935000,0.0010297163389623165
936000,0.0007516592158935964
937000,0.00038512019091285765
938000,0.0007488220580853522
939000,0.0009050464723259211
940000,0.000733283581212163
941000,0.0017931332113221288
942000,0.0007049574051052332
943000,0.00027720670914277434
944000,0.0011734915897250175
945000,0.00041612680070102215
946000,0.0004028066177852452
947000,0.0006778444512747228
948000,0.00029252044623717666
949000,0.00018743282998912036
950000,0.00038924108957871795
951000,0.0005407998105511069
952000,0.0012756657088175416
953000,0.0007336367852985859
954000,0.0002887685550376773
955000,0.00037161639193072915
956000,0.0006613349542021751
957000,0.00010970706352964044
958000,0.0006093893316574395
959000,0.0003282316611148417
960000,0.00037411891389638186
961000,0.0007148527656681836
962000,0.0006109491223469377
963000,0.0004966195556335151
964000,0.0005048146704211831
965000,0.0011061864206567407
966000,0.0010530182626098394
967000,0.0007598963566124439
968000,0.0010870341211557388
969000,0.00019030676048714668
970000,0.0003290710155852139
971000,0.0005843411781825125
972000,0.0006672850577160716
973000,0.0003455243422649801
974000,0.000506799784488976
975000,0.00034457258880138397
976000,0.0007455295999534428
977000,0.0005159434513188899
978000,0.0004157868097536266
979000,0.0005757525213994086
980000,0.0005115120438858867
981000,0.0001496925251558423
982000,0.0007125078700482845
983000,0.00020187847258057445
984000,0.0004082209779880941
985000,0.0003944125783164054
986000,0.0003237886121496558
987000,0.00019075197633355856
988000,0.00027880026027560234
989000,0.00016570759180467576
990000,0.0006369974580593407
991000,0.00232535763643682
992000,0.0013952679000794888
993000,0.00021045419271104038
994000,0.0010523631935939193
995000,0.0006230883300304413
996000,0.0002542705333326012
997000,7.690989878028631e-05
998000,0.00024475049576722085
999000,0.00040500436443835497
1000000,0.00011689795064739883
1001000,0.00047987367724999785
1002000,0.0003548523527570069
1003000,0.0003110887191724032
1004000,0.00038041919469833374
1005000,0.00024298577045556158
1006000,0.0001721854496281594
1007000,0.00042830672464333475
1008000,0.0005162484012544155
1009000,0.0006231003208085895
1010000,0.0009742741822265089
1011000,0.0016436774749308825
1012000,0.0007398728048428893
1013000,0.0005319733172655106
1014000,0.0007146589923650026
1015000,0.0006093590054661036
1016000,0.00030839754617772996
1017000,0.00033085455652326345
1018000,0.0010092491284012794
1019000,0.000684673897922039
1020000,0.0005702495109289885
1021000,0.00043285335414111614
1022000,0.0002868621959351003
1023000,0.00034390410291962326
1024000,0.0016600792296230793
1025000,0.0010903612710535526
1026000,0.0012530413223430514
1027000,0.00036541331792250276
1028000,0.00029394918237812817
1029000,0.0006437314441427588
1030000,0.0001245823805220425
1031000,0.0018711533630266786
1032000,0.0005590704968199134
1033000,0.00079971959348768
1034000,0.0011898789089173079
1035000,0.0004122398386243731
1036000,0.00037775657256133854
1037000,0.00013188377488404512
1038000,0.00029213394736871123
1039000,0.00032484569237567484
1040000,0.00010268372716382146
1041000,0.00038559141103178263
1042000,0.0007923714001663029
1043000,0.0007803433109074831
1044000,0.0005356244510039687
1045000,7.382234616670758e-05
1046000,0.00027334209880791605
1047000,0.0005710902041755617
1048000,0.0004935975885018706
1049000,0.0006069464143365622
1050000,0.0006474909605458379
1051000,0.0005343359662219882
1052000,0.0005728679243475199
1053000,0.00011588037887122482
1054000,0.00036931753857061267
1055000,0.0002451868203934282
1056000,0.0004025344387628138
1057000,0.0012052450329065323
1058000,0.0006999048055149615
1059000,0.0005307458341121674
1060000,0.0006700693047605455
1061000,0.0007247986504808068
1062000,0.00047362616169266403
1063000,0.000788531731814146
1064000,0.00032799638574942946
1065000,0.00025110761635005474
1066000,0.0002394338371232152
1067000,0.00035747617948800325
1068000,0.0002242416376248002
1069000,0.00017481710528954864
1070000,0.0005015708156861365
1071000,0.0006584874936379492
1072000,0.0009385740850120783
1073000,0.00038079905789345503
1074000,0.00028206437127664685
1075000,0.0004174784116912633
1076000,0.0016157729551196098
1077000,0.0005841145175509155
1078000,0.00030730082653462887
1079000,0.00029325284413062036
1080000,0.00019417352450545877
1081000,0.0004428688553161919
1082000,0.00010912025027209893
1083000,0.0004967323038727045
1084000,0.0004445895610842854
1085000,0.00038471215520985425
1086000,0.00026469858130440116
1087000,0.00029383765649981797
1088000,0.0006058822618797421
1089000,0.0004010788397863507
1090000,0.00021700479555875063
1091000,0.00026826560497283936
1092000,0.0005916353547945619
1093000,0.0001667648321017623
1094000,0.00012088475341442972
1095000,0.00010428046516608447
1096000,0.0004219376132823527
1097000,0.0002281566266901791
1098000,0.00034137474722228944
1099000,0.00019572567543946207
1100000,0.0003384254814591259
1101000,0.00020155930542387068
1102000,0.0003798598481807858
1103000,0.0008924455032683909
1104000,0.000493245548568666
1105000,0.0005959128611721098
1106000,0.0005101339193060994
1107000,0.00037173370947130024
1108000,0.0001623117277631536
1109000,0.00025459093740209937
1110000,0.00021973662660457194
1111000,0.0047180489636957645
1112000,0.0004742355376947671
1113000,0.0006483502220362425
1114000,0.0002400421362835914
1115000,0.00011207001807633787
1116000,0.00022951632854528725
1117000,0.00026330334367230535
1118000,0.0005159088177606463
1119000,0.00012152575072832406
1120000,0.0004334798431955278
1121000,0.0005509423208422959
1122000,0.00019197772780898958
1123000,0.0001322877360507846
1124000,0.0005856481730006635
1125000,0.000416105380281806
1126000,0.00040268912562169135
1127000,0.00023343310749623924
1128000,6.974121060920879e-05
1129000,0.0004175469512119889
1130000,0.00016510594286955893
1131000,0.002078395104035735
1132000,0.000675216200761497
1133000,0.00032418937189504504
1134000,0.00044753123074769974
1135000,0.0003351859631948173
1136000,0.00025742515572346747
1137000,0.0005666756769642234
1138000,0.0002858609368558973
1139000,0.0005205583875067532
1140000,0.0001741621526889503
1141000,0.0005269083776511252
1142000,0.0004925971734337509
1143000,0.00042428000597283244
1144000,0.0001951735612237826
1145000,0.0001829216635087505
1146000,0.00010864417708944529
1147000,0.00047357281437143683
1148000,0.0002615949488244951
1149000,0.00041750463424250484
1150000,0.00011318150791339576
1151000,0.000647638866212219
1152000,0.0005959717673249543
1153000,0.00048501661513000727
1154000,0.0002906259032897651
1155000,0.00013688282342627645
1156000,0.00035450333962216973
1157000,0.0003005155303981155
1158000,0.000258247455349192
1159000,0.00037668872391805053
1160000,0.0017005441477522254
1161000,0.0012151878327131271
1162000,0.00046423065941780806
1163000,0.00045903760474175215
1164000,0.0005237620207481086
1165000,0.0006252182647585869
1166000,0.00023681177117396146
1167000,0.00030999653972685337
1168000,0.00042107448098249733
1169000,0.0006133383139967918
1170000,0.00028310230118222535
1171000,0.0016147356946021318
1172000,0.0004272692312952131
1173000,0.0011952946661040187
1174000,0.0007812612457200885
1175000,0.00033183308551087976
1176000,0.0006327801384031773
1177000,6.130174733698368e-05
1178000,0.0001398793829139322
1179000,0.0012758939992636442
1180000,0.0004482557123992592
1181000,0.0009319764794781804
1182000,0.0006739282398484647
1183000,0.0011819477658718824
1184000,0.0009310924215242267
1185000,0.0005304354126565158
1186000,0.00046117836609482765
1187000,0.0005918593378737569
1188000,0.000782397692091763
1189000,0.0003363831783644855
1190000,0.0007384009659290314
1191000,0.0004766661731991917
1192000,0.0010198180098086596
1193000,0.0009536785073578358
1194000,0.0006135179428383708
1195000,0.0012859367998316884
1196000,0.0005435469793155789
1197000,0.0014854274922981858
1198000,0.00027731037698686123
1199000,0.0002175105910282582
1200000,0.00023284900817088783
1201000,0.001224283128976822
1202000,0.000608667207416147
1203000,0.0010652680648490787
1204000,0.0006888150237500668
1205000,0.0006868966738693416
1206000,0.001329301856458187
1207000,0.00039544643368571997
1208000,0.0010597831569612026
1209000,0.0006036345148459077
1210000,0.0003587663231883198
1211000,0.00048619110020808876
1212000,0.0015214118175208569
1213000,0.0012672538869082928
1214000,0.0002463961427565664
1215000,0.0014191917143762112
1216000,0.0009097412112168968
1217000,0.00047323311446234584
1218000,0.0008298158645629883
1219000,0.00040973233990371227
1220000,0.00031377997947856784
1221000,0.0003564057988114655
1222000,0.000397098483517766
1223000,0.0009224242530763149
1224000,0.000357643177267164
1225000,0.0025760987773537636
1226000,0.00038485333789139986
1227000,0.00032725787605158985
1228000,0.0002322555665159598
1229000,0.00037853754474781454
1230000,0.0012435633689165115
1231000,0.001052799285389483
1232000,0.0005212528631091118
1233000,0.0006064177141524851
1234000,0.0005360153736546636
1235000,0.0006193618755787611
1236000,0.0006493894034065306
1237000,0.0004012057324871421
1238000,0.0008832983439788222
1239000,0.0002447509905323386
1240000,0.00036290474236011505
1241000,0.000720808922778815
1242000,0.000492632738314569
1243000,0.00034380314173176885
1244000,0.0005315872258506715
1245000,0.0006321959663182497
1246000,0.00021683843806385994
1247000,0.0005825252737849951
1248000,0.00011748256656574085
1249000,0.0003649055724963546
1250000,0.00021150925022084266
1251000,0.0013319116551429033
1252000,0.0014590455684810877
1253000,0.0005455801729112864
1254000,0.00032047618879005313
1255000,0.0007222032872959971
1256000,0.00024961651070043445
1257000,0.0003293424379080534
1258000,0.0004694501112680882
1259000,0.00032175256637856364
1260000,0.0006802279385738075
1261000,0.0003684700350277126
1262000,0.0013333684764802456
1263000,0.0003026700287591666
1264000,0.00014588076737709343
1265000,0.00021863539586775005
1266000,0.000569057185202837
1267000,0.0009310392197221518
1268000,0.00017378907068632543
1269000,0.0005025662831030786
1270000,0.0006802515126764774
1271000,0.0005465325084514916
1272000,0.0004282680747564882
1273000,0.0011354857124388218
1274000,0.0009867344051599503
1275000,0.00037863029865548015
1276000,0.00046749255852773786
1277000,0.00035772487171925604
1278000,0.0005091967177577317
1279000,0.0012246062979102135
1280000,0.0003293745103292167
1281000,0.000818209839053452
1282000,0.00024207329261116683
1283000,0.0013472804566845298
1284000,0.00043122158967889845
1285000,0.0007107614073902369
1286000,0.00034646340645849705
1287000,0.0010905402014032006
1288000,0.000652776041533798
1289000,0.001316760666668415
1290000,0.0002869733143597841
1291000,0.0014541122363880277
1292000,0.002815439598634839
1293000,0.0011004930129274726
1294000,0.0003698721411637962
1295000,0.001004124991595745
1296000,0.0002952038776129484
1297000,0.00046276330249384046
1298000,0.0003211520961485803
1299000,0.0007203639252111316
1300000,0.0008043949492275715
1301000,0.0008889560122042894
1302000,0.0011708226520568132
1303000,0.00018396640371065587
1304000,0.0003790991031564772
1305000,0.000439898984041065
1306000,0.0003588027320802212
1307000,0.0003673455794341862
1308000,0.00016485550440847874
1309000,0.0006231119623407722
1310000,0.00017346547974739224
1311000,0.00044685820466838777
1312000,0.0012434946838766336
1313000,0.00023691027308814228
1314000,0.0006533405394293368
1315000,0.00034524311195127666
1316000,0.00034633849281817675
1317000,0.00030505418544635177
1318000,0.00032218574779108167
1319000,0.00030870051705278456
1320000,0.00046021712478250265
1321000,0.0007583771366626024
1322000,0.0004767115169670433
1323000,0.0004940452054142952
1324000,0.0024093149695545435
1325000,0.00019003207853529602
1326000,0.00021461115102283657
1327000,0.0003768408205360174
1328000,0.0004347774083726108
1329000,0.0008411176968365908
1330000,0.00024043224402703345
1331000,0.0007307320483960211
1332000,0.0019472367130219936
1333000,0.0003884441393893212
1334000,0.00041944312397390604
1335000,0.0006815774249844253
1336000,0.0003581647761166096
1337000,0.0007599549135193229
1338000,0.0001748445793054998
1339000,0.00023863687238190323
1340000,0.0002378374629188329
1341000,0.00032399577321484685
1342000,0.0009525421191938221
1343000,0.00026039464864879847
1344000,0.00035389140248298645
1345000,0.0004254614468663931
1346000,0.001310798805207014
1347000,0.00016091155703179538
1348000,0.0007334932452067733
1349000,0.0002834874321706593
1350000,0.0008636971469968557
1351000,0.00046099681640043855
1352000,0.0006751326145604253
1353000,0.0005696776788681746
1354000,0.0003100918547715992
1355000,0.00032435753382742405
1356000,0.0007413628627546132
1357000,0.0003377601387910545
1358000,0.00015987215738277882
1359000,0.00017931274487636983
1360000,0.00048123966553248465
1361000,0.0004267029871698469
1362000,0.0004762796452268958
1363000,0.00035422047949396074
1364000,0.00043024972546845675
1365000,0.00034056801814585924
1366000,0.0003444473841227591
1367000,0.0008360522333532572
1368000,8.363428059965372e-05
1369000,0.00015137884474825114
1370000,0.00047236704267561436
1371000,0.0005195976700633764
1372000,0.0010839439928531647
1373000,0.00046242601820267737
1374000,0.0004674515512306243
1375000,0.0002675415889825672
1376000,0.0006643108208663762
1377000,0.0003746611764654517
1378000,0.00034132698783650994
1379000,0.0002223258779849857
1380000,0.0003225791151635349
1381000,0.0003311526379548013
1382000,0.0008588357595726848
1383000,0.0001989291049540043
1384000,0.0004223081050440669
1385000,0.0002893483906518668
1386000,0.000331368762999773
1387000,0.0003752566408365965
1388000,0.0007945733959786594
1389000,0.0004003924841526896
1390000,0.0005493094213306904
1391000,0.001216996693983674
1392000,0.0012862966395914555
1393000,0.0006476280395872891
1394000,0.0004702271253336221
1395000,0.0020039905793964863
1396000,0.00024747068528085947
1397000,0.0006543301860801876
1398000,0.000318275997415185
1399000,0.0008846146520227194
1400000,0.00033893610816448927
1401000,0.001586062484420836
1402000,0.0018053764943033457
1403000,0.0018780236132442951
1404000,0.0018030789215117693
1405000,0.0008230612147599459
1406000,0.0002952430513687432
1407000,0.0005927977035753429
1408000,0.00020948493329342455
1409000,0.00017918978119269013
1410000,0.0002951321948785335
1411000,0.0009642187505960464
1412000,0.001042363466694951
1413000,0.0005595042021013796
1414000,0.0005816466873511672
1415000,0.00037353954394347966
1416000,0.0006586557719856501
1417000,0.0002845473063644022
1418000,0.0007419484900310636
1419000,0.0006083920015953481
1420000,0.0005809210706502199
1421000,0.0021159127354621887
1422000,0.0007051747525110841
1423000,0.00017135892994701862
1424000,0.0006313726771622896
1425000,0.0004473745066206902
1426000,0.0003914050757884979
1427000,0.0004497384070418775
1428000,0.0018785391002893448
1429000,0.00027994494303129613
1430000,0.00042336949263699353
1431000,0.0009791917400434613
1432000,0.0007694445084780455
1433000,0.0004244782612659037
1434000,0.00043805871973745525
1435000,0.0004815877473447472
1436000,0.0005942574935033917
1437000,0.00033040589187294245
1438000,0.0004297320556361228
1439000,0.000544448965229094
1440000,0.000615712022408843
1441000,0.0005349799757823348
1442000,0.0004186773730907589
1443000,0.0007100461516529322
1444000,0.00022093363804742694
1445000,0.0002451458713039756
1446000,0.0004854218859691173
1447000,0.0004944023094139993
1448000,0.0010944947134703398
1449000,0.00010810411913553253
1450000,0.000399489828851074
1451000,0.00043674904736690223
1452000,0.0007218800019472837
1453000,0.0014938809908926487
1454000,0.00037827747291885316
1455000,0.00033393691410310566
1456000,0.000641264021396637
1457000,0.0006524490308947861
1458000,0.0004903295775875449
1459000,0.00035250643850304186
1460000,0.0002420120727038011
1461000,0.0003063401090912521
1462000,0.000406820559874177
1463000,0.0006833220832049847
1464000,0.0007033667643554509
1465000,0.00040825502946972847
1466000,0.0012510719243437052
1467000,0.0007700115675106645
1468000,0.0007120674708858132
1469000,0.0006912213284522295
1470000,0.0011021181708201766
1471000,0.0004845422809012234
1472000,0.0005953755462542176
1473000,0.0006024996400810778
1474000,0.0007665007142350078
1475000,0.0002779846836347133
1476000,0.00019316266116220504
1477000,0.0004952766466885805
1478000,0.0003756317310035229
1479000,0.0005445241695269942
1480000,0.0008160758297890425
1481000,0.0025129900313913822
1482000,0.0004834352876059711
1483000,0.00030745487310923636
1484000,0.0005869799060747027
1485000,0.000263515452388674
1486000,0.0003637115587480366
1487000,0.0003837625263258815
1488000,0.0003336006193421781
1489000,0.00023375844466499984
1490000,0.0003599299816414714
1491000,0.002308508148416877
1492000,0.00047577585792168975
1493000,0.000660325400531292
1494000,0.0008313697762787342
1495000,0.00010403600754216313
1496000,0.0007927314727567136
1497000,0.0004648834583349526
1498000,0.0005368221318349242
1499000,0.0002926079323515296
1500000,0.0003013797104358673
1501000,0.0010222089476883411
1502000,0.0005254471907392144
1503000,0.00010810376988956705
1504000,0.000927973713260144
1505000,0.0004403072234708816
1506000,0.00024009804474189878
1507000,0.00023818523914087564
1508000,0.0004263128503225744
1509000,0.0002648773370310664
1510000,0.00021281484805513173
1511000,0.0008078062091954052
1512000,0.0004092662129551172
1513000,0.00025208789156749845
1514000,0.0006591242272406816
1515000,0.0005801310180686414
1516000,0.00021059022401459515
1517000,0.0004507002013269812
1518000,0.0004689796478487551
1519000,0.0002688989043235779
1520000,0.00022080123017076403
1521000,0.0007365686469711363
1522000,0.00024166412185877562
1523000,0.000398988340748474
1524000,0.00020979714463464916
1525000,0.00042613837285898626
1526000,0.0005282479105517268
1527000,7.816535071469843e-05
1528000,0.0007349008228629827
1529000,0.00015126880316529423
1530000,0.000194310094229877
1531000,0.0006317187799140811
1532000,0.0006317577208392322
1533000,0.00020701365428976715
1534000,0.0007541952072642744
1535000,0.0005054728244431317
1536000,0.00014228092913981527
1537000,0.00010557405767031014
1538000,0.00021020873100496829
1539000,0.0003502189356368035
1540000,0.0011025515850633383
1541000,0.00021097128046676517
1542000,0.00021459325216710567
1543000,7.988847210071981e-05
1544000,0.0006935824640095234
1545000,0.000613454612903297
1546000,0.00039930440834723413
1547000,0.0003521199687384069
1548000,0.0005591711378656328
1549000,0.0002701328485272825
1550000,0.0002550953649915755
1551000,0.00030666423845104873
1552000,0.00029496545903384686
1553000,0.0003152296703774482
1554000,0.0011702203191816807
1555000,0.0001383912021992728
1556000,0.00011441780952736735
1557000,0.00017017254140228033
1558000,0.00023099927057046443
1559000,0.0002480034891050309
1560000,7.555283809779212e-05
1561000,0.0010229013860225677
1562000,0.0007304572500288486
1563000,0.00016430651885457337
1564000,0.00023263151524588466
1565000,0.00014970789197832346
1566000,0.0001989348093047738
1567000,0.0003327260783407837
1568000,0.0007207404123619199
1569000,0.00037505471846088767
1570000,0.00031693954952061176
1571000,0.0009851900395005941
1572000,0.0005687049124389887
1573000,0.0002605754416435957
1574000,0.00023017694184090942
1575000,0.0010627643205225468
1576000,0.000839276472106576
1577000,0.00030024786246940494
1578000,0.0006261909147724509
1579000,0.00041854765731841326
1580000,0.0006720807868987322
1581000,0.0004375707358121872
1582000,0.00020773711730726063
1583000,0.0003507272922433913
1584000,0.0003278988879173994
1585000,0.0012780613033100963
1586000,0.001106010633520782
1587000,0.0002025140856858343
1588000,0.00020462281827349216
1589000,0.0010981564410030842
1590000,0.00029813835863023996
1591000,0.0008866526768542826
1592000,0.0009733931510709226
1593000,0.0009937086142599583
1594000,0.000861077569425106
1595000,0.0005917726084589958
1596000,0.0007389189559035003
1597000,0.00011624766193563119
1598000,0.000790037855040282
1599000,0.0004933799500577152
1600000,0.0007077637128531933
1601000,0.0015282813692465425
1602000,0.002901154337450862
1603000,0.0002068811299977824
1604000,0.0002335468598175794
1605000,0.0004757894785143435
1606000,0.00011175985127920285
1607000,0.0007032942958176136
1608000,0.0011180939618498087
1609000,0.0006763209239579737
1610000,0.0003492014075163752
1611000,0.007012622896581888
1612000,0.0003759508836083114
1613000,0.00032950000604614615
1614000,0.0003063668555114418
1615000,0.00029427846311591566
1616000,0.000483876618091017
1617000,0.0001297084818361327
1618000,0.0001234318333445117
1619000,0.000315647543175146
1620000,0.0008708307286724448
1621000,0.000533154234290123
1622000,0.0003023908648174256
1623000,0.0008493750356137753
1624000,0.0005149644566699862
1625000,0.000668018008582294
1626000,0.0005518406396731734
1627000,0.0005611451342701912
1628000,0.00023341094492934644
1629000,0.0009862445294857025
1630000,0.0004989456501789391
1631000,0.00218014745041728
1632000,0.0006072035757824779
1633000,0.000998914591036737
1634000,0.001250564120709896
1635000,0.00016970772412605584
1636000,0.0005520792910829186
1637000,0.0003345282166264951
1638000,0.0004487964906729758
1639000,0.00026127725141122937
1640000,0.0007149383891373873
1641000,0.0007754653925076127
1642000,0.0015956509159877896
1643000,0.00026354711735621095
1644000,0.00021697767078876495
1645000,0.0003941537579521537
1646000,0.00040317719685845077
1647000,0.0004036485916003585
1648000,0.00041323713958263397
1649000,0.0002650088572409004
1650000,0.0007060164352878928
1651000,0.0006758142844773829
1652000,0.00040393625386059284
1653000,0.0008057035738602281
1654000,0.0002638336445670575
1655000,0.00018646055832505226
1656000,0.0007641683332622051
1657000,0.00019142706878483295
1658000,7.571587775601074e-05
1659000,0.00025043298956006765
1660000,6.695383490296081e-05
1661000,0.00023056825739331543
1662000,0.0008406930137425661
1663000,0.0004327935166656971
1664000,0.00018568300583865494
1665000,0.00033758371137082577
1666000,0.0001545808627270162
1667000,0.00038383074570447206
1668000,0.0015418039401993155
1669000,0.0008625553455203772
1670000,0.0008634875994175673
1671000,0.00014749972615391016
1672000,0.0002481820120010525
1673000,0.00041623730794526637
1674000,0.00027233618311583996
1675000,0.0004718468990176916
1676000,0.0005833174800500274
1677000,0.0003898578288499266
1678000,0.0006257784552872181
1679000,0.00021890860807616264
1680000,0.00016312005755025893
1681000,0.0006448440253734589
1682000,0.0007102449890226126
1683000,0.0007366818026639521
1684000,0.0007995207561179996
1685000,0.001338101690635085
1686000,0.0001065571850631386
1687000,0.00023528060410171747
1688000,0.00043274337076582015
1689000,0.001271011191420257
1690000,0.0018165144138038158
1691000,0.0006228793645277619
1692000,0.00043962436029687524
1693000,0.0003381254500709474
1694000,0.0002454803034197539
1695000,0.00023065670393407345
1696000,0.0005442383699119091
1697000,0.00016944062372203916
1698000,0.0003913510881830007
1699000,0.0006824715528637171
1700000,0.00014237900904845446
1701000,0.0009433961240574718
1702000,0.0002283974172314629
1703000,0.0005953184445388615
1704000,0.0002721710770856589
1705000,9.981029143091291e-05
1706000,0.0002601008163765073
1707000,0.0004092359449714422
1708000,0.0001695217506494373
1709000,0.00013108609709888697
1710000,0.0003824087034445256
1711000,0.0016423874767497182
1712000,0.00041801348561421037
1713000,0.0004590313183143735
1714000,0.0004055770405102521
1715000,0.00020516998483799398
1716000,0.0004474814631976187
1717000,0.00046040036249905825
1718000,0.0002388907305430621
1719000,0.0005777828628197312
1720000,0.00042793803731910884
1721000,0.0006697708740830421
1722000,0.0003170370764564723
1723000,0.00017615397518966347
1724000,0.00028819372528232634
1725000,0.00018326687859371305
1726000,0.000613841344602406
1727000,0.0002527797478251159
1728000,0.00027413666248321533
1729000,0.00023764408251736313
1730000,0.00045219165622256696
1731000,0.0005595990223810077
1732000,0.0002198883448727429
1733000,0.0009333130437880754
1734000,0.0002956901444122195
1735000,0.0006500083254650235
1736000,0.000414240756072104
1737000,0.00021467410260811448
1738000,0.0010249835904687643
1739000,0.00013703206786885858
1740000,0.00033900915877893567
1741000,0.00042223106720484793
1742000,0.0020178533159196377
1743000,0.00017145670426543802
1744000,0.0003062437172047794
1745000,0.00032841082429513335
1746000,0.00016910603153519332
1747000,0.0003276399802416563
1748000,0.0004887506365776062
1749000,0.00042810666491277516
1750000,0.0008473125053569674
1751000,0.0010582879185676575
1752000,0.00037853652611374855
1753000,0.007446317933499813
1754000,0.0005194479017518461
1755000,0.00030083904857747257
1756000,0.0004170257889200002
1757000,0.001423675217665732
1758000,0.000517567852512002
1759000,0.0003742891422007233
1760000,0.00029492611065506935
1761000,0.0006520820315927267
1762000,0.0007869253167882562
1763000,0.0009692031308077276
1764000,0.0002777589252218604
1765000,0.0005784223321825266
1766000,0.00025957252364605665
1767000,0.00031249038875102997
1768000,0.0002852520265150815
1769000,0.00020832542213611305
1770000,0.0004945966065861285
1771000,0.0009193188743665814
1772000,0.000333221978507936
1773000,0.00042726239189505577
1774000,0.000841804314404726
1775000,0.00024987710639834404
1776000,0.0002425418351776898
1777000,0.000324743683449924
1778000,0.0008422492537647486
1779000,0.000398412870708853
1780000,0.001113759819418192
1781000,0.0006829216144979
1782000,0.000518922577612102
1783000,0.00035078401560895145
1784000,0.00022022082703188062
1785000,0.0005473005585372448
1786000,0.00034414869151078165
1787000,0.00018968136282637715
1788000,0.00021592217672150582
1789000,0.00021736713824793696
1790000,0.00020394414605107158
1791000,0.0007475132588297129
1792000,0.0006512523978017271
1793000,0.0006418055854737759
1794000,0.0003190567367710173
1795000,0.0006512216059491038
1796000,0.0001912102015921846
1797000,0.00024468867923133075
1798000,0.00024066021433100104
1799000,0.00048676319420337677
1800000,0.0004922349471598864
1801000,0.00045847665751352906
1802000,0.0002628088113851845
1803000,0.00010412355186417699
1804000,0.00028085883241146803
1805000,0.0002665426873136312
1806000,0.00017795446910895407
1807000,0.0004497551708482206
1808000,0.0002716314629651606
1809000,0.0002015050413319841
1810000,0.0002488309983164072
1811000,0.0004487204132601619
1812000,0.00036677136085927486
1813000,0.00043784218723885715
1814000,0.00026616433751769364
1815000,0.0006480896845459938
1816000,0.0002706052327994257
1817000,0.0006049317889846861
1818000,0.00017539813416078687
1819000,0.0003214973257854581
1820000,0.0001460148487240076
1821000,0.0005137016414664686
1822000,0.0006578320171684027
1823000,0.00039671873673796654
1824000,8.32158257253468e-05
1825000,0.0003240845981054008
1826000,0.0004095513722859323
1827000,0.0001933383464347571
1828000,0.0002840972738340497
1829000,0.00015464427997358143
1830000,0.00013761629816144705
1831000,0.0002639925223775208
1832000,0.00017240004672203213
1833000,0.00011893479677382857
1834000,0.0005231240065768361
1835000,0.00023688134388066828
1836000,0.00023668352514505386
1837000,0.0003482279134914279
1838000,0.0002923377323895693
1839000,0.0008320545894093812
1840000,0.0001597101945662871
1841000,0.0003896086709573865
1842000,0.0004201778501737863
1843000,0.0013032422866672277
1844000,0.0005644760676659644
1845000,0.00012168214016128331
1846000,0.0009535856079310179
1847000,0.0007096544140949845
1848000,0.0005173941608518362
1849000,0.00011621686280705035
1850000,0.0004494033637456596
1851000,0.0005641605821438134
1852000,0.0010661156848073006
1853000,0.0004427467647474259
1854000,0.0008049919269979
1855000,0.0006771228509023786
1856000,0.00014099535474088043
1857000,0.0007230205228552222
1858000,0.00031083644717000425
1859000,0.000705748563632369
1860000,0.0005216115387156606
1861000,0.001338269212283194
1862000,0.0005478152306750417
1863000,0.00017419172218069434
1864000,0.0003826888860203326
1865000,0.0016627863515168428
1866000,0.001067883800715208
1867000,0.0005273973802104592
1868000,0.0008899035165086389
1869000,0.000572526827454567
1870000,0.0002107999607687816
1871000,0.0009965166682377458
1872000,0.0004331147647462785
1873000,0.0015383893623948097
1874000,0.000970410299487412
1875000,0.00028699339600279927
1876000,0.00019672996131703258
1877000,0.0010184759739786386
1878000,0.00033631717087700963
1879000,0.00024104584008455276
1880000,0.0004357460420578718
1881000,0.000503795687109232
1882000,0.0003080940223298967
1883000,0.0002260000619571656
1884000,0.00035572808701545
1885000,0.0007341686286963522
1886000,0.0004342517349869013
1887000,0.0004089931317139417
1888000,0.0007657366804778576
1889000,0.00045443844282999635
1890000,0.0004924890818074346
1891000,0.002788695739582181
1892000,8.685189095558599e-05
1893000,0.0007004952058196068
1894000,0.00010915396705968305
1895000,0.00039227644447237253
1896000,0.0003272788890171796
1897000,0.0002303886431036517
1898000,0.0003826912143267691
1899000,0.00018711682059802115
1900000,0.0004716929979622364
1901000,0.0007522775558754802
1902000,0.00040930527029559016
1903000,0.00036609405651688576
1904000,0.00014761628699488938
1905000,0.0003213037853129208
1906000,0.0010089399293065071
1907000,0.00024051129003055394
1908000,0.00035303202457726
1909000,0.0002400786615908146
1910000,0.0004865308292210102
1911000,0.0005843149847351015
1912000,0.001689709722995758
1913000,0.00028742931317538023
1914000,0.0003104252682533115
1915000,0.0003630726132541895
1916000,0.0006123417406342924
1917000,0.0008537817047908902
1918000,0.00022668438032269478
1919000,0.00038066209526732564
1920000,0.00020206405315548182
1921000,0.0006081113824620843
1922000,0.0007098709465935826
1923000,0.0003692341852001846
1924000,0.0006667157867923379
1925000,0.00021104632469359785
1926000,0.00020576163660734892
1927000,0.0006156777963042259
1928000,0.00011495286162244156
1929000,0.00022696642554365098
1930000,0.0002030931500485167
1931000,0.000934293435420841
1932000,0.0001752008538460359
1933000,0.0003445041074883193
1934000,0.00011925962462555617
1935000,0.0006183457444421947
1936000,0.0007642621640115976
1937000,0.00013957740156911314
1938000,0.00011084353900514543
1939000,0.0003178751212544739
1940000,0.0003611863066907972
1941000,0.000603294640313834
1942000,0.00032546272268518806
1943000,0.0008722456404939294
1944000,0.000324467895552516
1945000,0.0001818927121348679
1946000,0.0001794448180589825
1947000,0.0009526449139229953
1948000,0.00038352241972461343
1949000,0.00035126516013406217
1950000,0.0001255345850950107
1951000,0.00022901594638824463
1952000,0.0004920386709272861
1953000,0.00048780764336697757
1954000,0.0004451672430150211
1955000,0.0006692183669656515
1956000,0.0014894896885380149
1957000,0.0003100824833381921
1958000,0.001581474905833602
1959000,0.00019700222765095532
1960000,0.00037334769149310887
1961000,0.0010072647128254175
1962000,0.0003418734413571656
1963000,0.0003488733200356364
1964000,0.00014502572594210505
1965000,0.0003524272469803691
1966000,0.0009037797572091222
1967000,0.0001985248236451298
1968000,0.0012604233343154192
1969000,0.00015415794041473418
1970000,0.0001298400165978819
1971000,0.0007733480888418853
1972000,0.0003626407706178725
1973000,0.000430212210630998
1974000,0.00015871619689278305
1975000,0.0001733488024910912
1976000,0.00017515486979391426
1977000,0.0004191753105260432
1978000,0.00039063786971382797
1979000,0.0007323508616536856
1980000,0.0004420813056640327
1981000,0.00041740183951333165
1982000,0.0014604565221816301
1983000,0.0010389590170234442
1984000,0.000943295075558126
1985000,0.00027559942100197077
1986000,0.00017895500059239566
1987000,0.00020582726574502885
1988000,0.00025646976428106427
1989000,0.0006869733915664256
1990000,0.00044641518616117537
1991000,0.0008170048240572214
1992000,0.0003872998058795929
1993000,0.00020455438061617315
1994000,0.0007846109801903367
1995000,0.0002498186950106174
1996000,0.00018039578571915627
1997000,0.00014289404498413205
1998000,0.0006517870933748782
1999000,0.000549492659047246
2000000,0.0002642906620167196
2001000,0.0014700304018333554
2002000,0.00021005835151299834
2003000,8.662584878038615e-05
2004000,0.0003382166032679379
2005000,0.0003306129074189812
2006000,0.000504798605106771
2007000,0.00032545108115300536
2008000,0.0005519251571968198
2009000,0.0002802895614877343
2010000,0.00037306794547475874
2011000,0.0006959589663892984
2012000,0.0006316038779914379
2013000,0.00023566684103570879
2014000,0.00029439417994581163
2015000,0.0004277061962056905
2016000,0.0003288547450210899
2017000,0.00031220767414197326
2018000,0.00010381084575783461
2019000,0.0003089114907197654
2020000,0.00021040733554400504
2021000,0.0006128147360868752
2022000,0.0014434857293963432
2023000,0.0005041761905886233
2024000,0.000350883521605283
2025000,0.00017107109306380153
2026000,0.0002664522617124021
2027000,0.00034761044662445784
2028000,0.00034373963717371225
2029000,0.00018894010281655937
2030000,0.00015036055992823094
2031000,0.0004057466285303235
2032000,0.0001121413879445754
2033000,0.0007590235909447074
2034000,0.00034436615533195436
2035000,0.00029886982520110905
2036000,0.0002854861959349364
2037000,0.00015236267063301057
2038000,0.0018764183623716235
2039000,0.00042968944762833416
2040000,0.0002890040632337332
2041000,0.00043002073653042316
2042000,0.00021800979448016733
2043000,0.00017425819532945752
2044000,0.0004627726157195866
2045000,0.0001420977059751749
2046000,0.00014599337009713054
2047000,0.00011795945465564728
2048000,0.00014150497736409307
2049000,5.4067455494077876e-05
2050000,0.00014262029435485601
2051000,0.000724041135981679
2052000,0.00016727906768210232
2053000,0.0001986077695619315
2054000,0.00024079889408312738
2055000,0.0002809367433656007
2056000,0.00018080796871799976
2057000,0.00013509656128007919
2058000,8.575847459724173e-05
2059000,9.653312736190856e-05
2060000,0.0005631712265312672
2061000,0.00010721472790464759
2062000,0.00011683260527206585
2063000,0.0007915091700851917
2064000,0.00015589070972055197
2065000,0.00029333820566534996
2066000,0.00033474984229542315
2067000,0.000178162707015872
2068000,0.00036079605342820287
2069000,0.00012587622040882707
2070000,0.00011651859676931053
2071000,0.0007559593068435788
2072000,0.00016139319632202387
2073000,0.0001547174178995192
2074000,0.00018106016796082258
2075000,5.3114468755666167e-05
2076000,0.00013285112800076604
2077000,0.0012029333738610148
2078000,0.0006414993549697101
2079000,0.0003010543587151915
2080000,0.0007766630733385682
2081000,0.0011583715677261353
2082000,0.0007123505347408354
2083000,0.0001516216725576669
2084000,0.0004294757673051208
2085000,0.00031241722172126174
2086000,0.00013252226926852018
2087000,0.0002352939627598971
2088000,0.0001653248764341697
2089000,0.00021994450071360916
2090000,0.00011060241376981139
2091000,0.002079279161989689
2092000,0.0011895154602825642
2093000,0.0003521347534842789
2094000,0.00024728072457946837
2095000,0.00025453296257182956
2096000,0.00023601471912115812
2097000,0.0003028214268852025
2098000,0.00020870377193205059
2099000,0.0008131823851726949
2100000,0.00020540662808343768
2101000,0.00047229701885953546
2102000,0.0006430035573430359
2103000,0.0006439111311919987
2104000,0.0008617695420980453
2105000,0.00012810705811716616
2106000,0.0008606364135630429
2107000,0.000363185943569988
2108000,0.00061557546723634
2109000,0.0007728714263066649
2110000,0.00016381111345253885
2111000,0.0011799217900261283
2112000,0.00043064472265541553
2113000,0.0009326290455646813
2114000,0.0006949052913114429
2115000,0.0002186614874517545
2116000,0.0005178739666007459
2117000,8.277693996205926e-05
2118000,0.0004469142877496779
2119000,0.00021458073752000928
2120000,9.235752077074721e-05
2121000,0.0005288601969368756
2122000,0.00044901357614435256
2123000,0.0003154676523990929
2124000,0.00035902345553040504
2125000,0.00035037455381825566
2126000,0.001403717789798975
2127000,0.000333802483510226
2128000,0.00011272109986748546
2129000,0.0003277389914728701
2130000,0.00030909525230526924
2131000,0.0002421284152660519
2132000,0.001013334607705474
2133000,0.0005469196476042271
2134000,0.0004049171111546457
2135000,0.00033366039860993624
2136000,0.0003525664214976132
2137000,0.00012224260717630386
2138000,0.00028627668507397175
2139000,0.00027992704417556524
2140000,0.00017836685583461076
2141000,0.0002887070004362613
2142000,0.00038516943459399045
2143000,0.0006335778161883354
2144000,0.00022254683426581323
2145000,9.033580136019737e-05
2146000,0.0003177652251906693
2147000,0.00012123638589400798
2148000,0.00010738296259660274
2149000,9.674385364633054e-05
2150000,0.0002918201789725572
2151000,0.00031775387469679117
2152000,0.0002660408790688962
2153000,0.0008483687415719032
2154000,0.0001895955065265298
2155000,0.00013682834105566144
2156000,8.722445636522025e-05
2157000,0.0001817055162973702
2158000,0.0004074730386491865
2159000,0.00019627278379630297
2160000,0.00026061004609800875
2161000,0.00041425679228268564
2162000,0.0007520340150222182
2163000,0.0001626067387405783
2164000,0.0001665079325903207
2165000,0.00017595119425095618
2166000,0.0001963847316801548
2167000,0.00015550848911516368
2168000,0.00035204854793846607
2169000,0.0002264440554426983
2170000,0.0001854712754720822
2171000,0.0003866147599183023
2172000,0.00014105785521678627
2173000,0.00023711119138170034
2174000,0.00018851374625228345
2175000,0.00021274422761052847
2176000,0.00015813636127859354
2177000,7.388000085484236e-05
2178000,0.00025055865989997983
2179000,8.395915210712701e-05
2180000,0.0001064849566319026
2181000,0.0005841156234964728
2182000,0.0004395740106701851
2183000,0.0006034548277966678
2184000,0.0003751903132069856
2185000,0.0003313063643872738
